patient_id,sample_accession,sample_title,group,cd24_log2_expression
BC0043,GSM398074,Normal BC0043N,Normal,9.135946905684598
BC0043,GSM398075,Cancer BC0043T,Tumor,10.592741668788932
BC0051,GSM398076,Normal BC0051N,Normal,7.833039728791905
BC0051,GSM398077,Cancer BC0051T,Tumor,11.539858061940402
BC0057,GSM398078,Normal BC0057N,Normal,8.487989800469837
BC0057,GSM398079,Cancer BC0057T,Tumor,11.319122472291273
BC0087,GSM398080,Normal BC0087N,Normal,6.870015195081385
BC0087,GSM398081,Cancer BC0087T,Tumor,10.173094958796828
BC0109,GSM398082,Normal BC0109N,Normal,9.739727318870397
BC0109,GSM398083,Cancer BC0109T,Tumor,9.950964985998088
BC0112,GSM398084,Normal BC0112N,Normal,7.739447145519896
BC0112,GSM398085,Cancer BC0112T,Tumor,10.654889928177711
BC0113,GSM398086,Normal BC0113N,Normal,11.073997168063137
BC0113,GSM398087,Cancer BC0113T,Tumor,10.84483112297762
BC0117,GSM398088,Normal BC0117N,Normal,7.680149288252746
BC0117,GSM398089,Cancer BC0117T,Tumor,11.247404768253721
BC0122,GSM398090,Normal BC0122N,Normal,6.854466072866497
BC0122,GSM398091,Cancer BC0122T,Tumor,10.592840747403784
BC0126,GSM398092,Normal BC0126N,Normal,7.600100000495286
BC0126,GSM398093,Cancer BC0126T,Tumor,9.491388924686792
BC0127,GSM398094,Normal BC0127N,Normal,7.604956534923346
BC0127,GSM398095,Cancer BC0127T,Tumor,11.17694456045296
BC0138,GSM398096,Normal BC0138N,Normal,10.29572292902678
BC0138,GSM398097,Cancer BC0138T,Tumor,9.243329902423707
BC0142,GSM398098,Normal BC0142N,Normal,10.454464308253845
BC0142,GSM398099,Cancer BC0142T,Tumor,10.776738656252164
BC0147,GSM398100,Normal BC0147N,Normal,9.84276456108176
BC0147,GSM398101,Cancer BC0147T,Tumor,11.552141935487029
BC0151,GSM398102,Normal BC0151N,Normal,7.726414778076811
BC0151,GSM398103,Cancer BC0151T,Tumor,12.657950953273367
BC0152,GSM398104,Normal BC0152N,Normal,9.389847388218367
BC0152,GSM398105,Cancer BC0152T,Tumor,11.344566104135788
BC0153,GSM398106,Normal BC0153N,Normal,7.725823229358757
BC0153,GSM398107,Cancer BC0153T,Tumor,11.98607651328118
BC0155,GSM398108,Normal BC0155N,Normal,7.817439495478263
BC0155,GSM398109,Cancer BC0155T,Tumor,8.859362095423355
BC0156,GSM398110,Normal BC0156N,Normal,8.121045389532549
BC0156,GSM398111,Cancer BC0156T,Tumor,9.94310505563275
BC0158,GSM398112,Normal BC0158N,Normal,8.837406527699464
BC0158,GSM398113,Cancer BC0158T,Tumor,10.749790474103914
BC0159,GSM398114,Normal BC0159N,Normal,7.545724672632257
BC0159,GSM398115,Cancer BC0159T,Tumor,10.56643609332543
BC0160,GSM398116,Normal BC0160N,Normal,11.117864814756087
BC0160,GSM398117,Cancer BC0160T,Tumor,11.382422479590801
BC0163,GSM398118,Normal BC0163N,Normal,8.129991338112584
BC0163,GSM398119,Cancer BC0163T,Tumor,8.570214218822283
BC0164,GSM398120,Normal BC0164N,Normal,7.4366560780646696
BC0164,GSM398121,Cancer BC0164T,Tumor,10.537464029668286
BC0165,GSM398122,Normal BC0165N,Normal,9.993122857057005
BC0165,GSM398123,Cancer BC0165T,Tumor,10.134520472898709
BC0168,GSM398124,Normal BC0168N,Normal,6.963926943890108
BC0168,GSM398125,Cancer BC0168T,Tumor,10.830827911649353
BC0170,GSM398126,Normal BC0170N,Normal,8.322931284722605
BC0170,GSM398127,Cancer BC0170T,Tumor,12.900644168920971
BC0171,GSM398128,Normal BC0171N,Normal,8.293532229708706
BC0171,GSM398129,Cancer BC0171T,Tumor,11.510838653382178
BC0172,GSM398130,Normal BC0172N,Normal,8.557761999833934
BC0172,GSM398131,Cancer BC0172T,Tumor,12.58095927310158
BC0173,GSM398132,Normal BC0173N,Normal,8.53791731336457
BC0173,GSM398133,Cancer BC0173T,Tumor,10.337765680955682
BC0174,GSM398134,Normal BC0174N,Normal,8.456319292513836
BC0174,GSM398135,Cancer BC0174T,Tumor,11.701599903361533
BC0177,GSM398136,Normal BC0177N,Normal,8.36507250644462
BC0177,GSM398137,Cancer BC0177T,Tumor,11.54296052419216
BC0179,GSM398138,Normal BC0179N,Normal,9.022356328332211
BC0179,GSM398139,Cancer BC0179T,Tumor,10.338564273113676
BC0180,GSM398140,Normal BC0180N,Normal,8.933711340759842
BC0180,GSM398141,Cancer BC0180T,Tumor,10.68358937614168
BC0181,GSM398142,Normal BC0181N,Normal,9.800409988685956
BC0181,GSM398143,Cancer BC0181T,Tumor,11.707035425968904
BC0183,GSM398144,Normal BC0183N,Normal,8.012051345075633
BC0183,GSM398145,Cancer BC0183T,Tumor,12.272622415567133
BC0185,GSM398146,Normal BC0185N,Normal,8.69093052969093
BC0185,GSM398147,Cancer BC0185T,Tumor,11.296764963465286
BC0186,GSM398148,Normal BC0186N,Normal,10.24530372136114
BC0186,GSM398149,Cancer BC0186T,Tumor,12.072281344219181
BC0188,GSM398150,Normal BC0188N,Normal,8.186522018415989
BC0188,GSM398151,Cancer BC0188T,Tumor,12.151493745001385
BC0190,GSM398152,Normal BC0190N,Normal,7.935889201405692
BC0190,GSM398153,Cancer BC0190T,Tumor,10.56213415297589
BC0191,GSM398154,Normal BC0191N,Normal,9.298762366855447
BC0191,GSM398155,Cancer BC0191T,Tumor,10.279575469233052
BC0192,GSM398156,Normal BC0192N,Normal,8.109806611920162
BC0192,GSM398157,Cancer BC0192T,Tumor,11.777987389199957
BC0194,GSM398158,Normal BC0194N,Normal,10.986545169114077
BC0194,GSM398159,Cancer BC0194T,Tumor,12.6144897341145
